archive,complete,missing_universes,matched_pdfs
indices_dataApr2021.zip,True,,NIFTY_100=NIFTY_100_Apr2021.pdf;NIFTY_MIDCAP_100=NIFTY_Midcap_100_Apr2021.pdf;NIFTY_SMALLCAP_100=NIFTY_Smallcap_100_Apr2021.pdf
indices_dataApr2022.zip,False,NIFTY_100;NIFTY_MIDCAP_100;NIFTY_SMALLCAP_100,
indices_dataApr2023.zip,False,NIFTY_100;NIFTY_MIDCAP_100;NIFTY_SMALLCAP_100,
indices_dataApr2024.zip,False,NIFTY_100;NIFTY_MIDCAP_100;NIFTY_SMALLCAP_100,
indices_dataApr2025.zip,False,NIFTY_100;NIFTY_MIDCAP_100;NIFTY_SMALLCAP_100,
indices_dataAug2021.zip,True,,NIFTY_100=NIFTY_100_Aug2021.pdf;NIFTY_MIDCAP_100=NIFTY_Midcap_100_Aug2021.pdf;NIFTY_SMALLCAP_100=NIFTY_Smallcap_100_Aug2021.pdf
indices_dataAug2022.zip,False,NIFTY_100;NIFTY_MIDCAP_100;NIFTY_SMALLCAP_100,
indices_dataAug2023.zip,False,NIFTY_100;NIFTY_MIDCAP_100;NIFTY_SMALLCAP_100,
indices_dataAug2024.zip,False,NIFTY_100;NIFTY_MIDCAP_100;NIFTY_SMALLCAP_100,
indices_dataAug2025.zip,False,NIFTY_100;NIFTY_MIDCAP_100;NIFTY_SMALLCAP_100,
indices_dataDec2020.zip,True,,NIFTY_100=NIFTY_100_Dec2020.pdf;NIFTY_MIDCAP_100=NIFTY_Midcap_100_Dec2020.pdf;NIFTY_SMALLCAP_100=NIFTY_Smallcap_100_Dec2020.pdf
indices_dataDec2021.zip,True,,NIFTY_100=NIFTY_100_Dec2021.pdf;NIFTY_MIDCAP_100=NIFTY_Midcap_100_Dec2021.pdf;NIFTY_SMALLCAP_100=NIFTY_Smallcap_100_Dec2021.pdf
indices_dataDec2022.zip,False,NIFTY_100;NIFTY_MIDCAP_100;NIFTY_SMALLCAP_100,
indices_dataDec2023.zip,False,NIFTY_100;NIFTY_MIDCAP_100;NIFTY_SMALLCAP_100,
indices_dataDec2024.zip,False,NIFTY_100;NIFTY_MIDCAP_100;NIFTY_SMALLCAP_100,
indices_dataDec2025.zip,False,NIFTY_100;NIFTY_MIDCAP_100;NIFTY_SMALLCAP_100,
indices_dataFeb2021.zip,True,,NIFTY_100=NIFTY_100_Feb2021.pdf;NIFTY_MIDCAP_100=NIFTY_Midcap_100_Feb2021.pdf;NIFTY_SMALLCAP_100=NIFTY_Smallcap_100_Feb2021.pdf
indices_dataFeb2022.zip,True,,NIFTY_100=NIFTY_100_Feb2022.pdf;NIFTY_MIDCAP_100=NIFTY_Midcap_100_Feb2022.pdf;NIFTY_SMALLCAP_100=NIFTY_Smallcap_100_Feb2022.pdf
indices_dataFeb2023.zip,False,NIFTY_100;NIFTY_MIDCAP_100;NIFTY_SMALLCAP_100,
indices_dataFeb2024.zip,False,NIFTY_100;NIFTY_MIDCAP_100;NIFTY_SMALLCAP_100,
indices_dataFeb2025.zip,False,NIFTY_100;NIFTY_MIDCAP_100;NIFTY_SMALLCAP_100,
indices_dataJan2021.zip,True,,NIFTY_100=NIFTY_100_Jan2021.pdf;NIFTY_MIDCAP_100=NIFTY_Midcap_100_Jan2021.pdf;NIFTY_SMALLCAP_100=NIFTY_Smallcap_100_Jan2021.pdf
indices_dataJan2022.zip,True,,NIFTY_100=NIFTY_100_Jan2022.pdf;NIFTY_MIDCAP_100=NIFTY_Midcap_100_Jan2022.pdf;NIFTY_SMALLCAP_100=NIFTY_Smallcap_100_Jan2022.pdf
indices_dataJan2023.zip,False,NIFTY_100;NIFTY_MIDCAP_100;NIFTY_SMALLCAP_100,
indices_dataJan2024.zip,False,NIFTY_100;NIFTY_MIDCAP_100;NIFTY_SMALLCAP_100,
indices_dataJan2025.zip,False,NIFTY_100;NIFTY_MIDCAP_100;NIFTY_SMALLCAP_100,
indices_dataJul2021.zip,True,,NIFTY_100=NIFTY_100_Jul2021.pdf;NIFTY_MIDCAP_100=NIFTY_Midcap_100_Jul2021.pdf;NIFTY_SMALLCAP_100=NIFTY_Smallcap_100_Jul2021.pdf
indices_dataJul2022.zip,False,NIFTY_100;NIFTY_MIDCAP_100;NIFTY_SMALLCAP_100,
indices_dataJul2023.zip,False,NIFTY_100;NIFTY_MIDCAP_100;NIFTY_SMALLCAP_100,
indices_dataJul2024.zip,False,NIFTY_100;NIFTY_MIDCAP_100;NIFTY_SMALLCAP_100,
indices_dataJul2025.zip,False,NIFTY_100;NIFTY_MIDCAP_100;NIFTY_SMALLCAP_100,
indices_dataJun2021.zip,True,,NIFTY_100=NIFTY_100_Jun2021.pdf;NIFTY_MIDCAP_100=NIFTY_Midcap_100_Jun2021.pdf;NIFTY_SMALLCAP_100=NIFTY_Smallcap_100_Jun2021.pdf
indices_dataJun2022.zip,False,NIFTY_100;NIFTY_MIDCAP_100;NIFTY_SMALLCAP_100,
indices_dataJun2023.zip,False,NIFTY_100;NIFTY_MIDCAP_100;NIFTY_SMALLCAP_100,
indices_dataJun2024.zip,False,NIFTY_100;NIFTY_MIDCAP_100;NIFTY_SMALLCAP_100,
indices_dataJun2025.zip,False,NIFTY_100;NIFTY_MIDCAP_100;NIFTY_SMALLCAP_100,
indices_dataMar2021.zip,True,,NIFTY_100=NIFTY_100_Mar2021.pdf;NIFTY_MIDCAP_100=NIFTY_Midcap_100_Mar2021.pdf;NIFTY_SMALLCAP_100=NIFTY_Smallcap_100_Mar2021.pdf
indices_dataMar2022.zip,True,,NIFTY_100=NIFTY_100_Mar2022.pdf;NIFTY_MIDCAP_100=NIFTY_Midcap_100_Mar2022.pdf;NIFTY_SMALLCAP_100=NIFTY_Smallcap_100_Mar2022.pdf
indices_dataMar2023.zip,False,NIFTY_100;NIFTY_MIDCAP_100;NIFTY_SMALLCAP_100,
indices_dataMar2024.zip,False,NIFTY_100;NIFTY_MIDCAP_100;NIFTY_SMALLCAP_100,
indices_dataMar2025.zip,False,NIFTY_100;NIFTY_MIDCAP_100;NIFTY_SMALLCAP_100,
indices_dataMay2021.zip,True,,NIFTY_100=NIFTY_100_May2021.pdf;NIFTY_MIDCAP_100=NIFTY_Midcap_100_May2021.pdf;NIFTY_SMALLCAP_100=NIFTY_Smallcap_100_May2021.pdf
indices_dataMay2022.zip,False,NIFTY_100;NIFTY_MIDCAP_100;NIFTY_SMALLCAP_100,
indices_dataMay2023.zip,False,NIFTY_100;NIFTY_MIDCAP_100;NIFTY_SMALLCAP_100,
indices_dataMay2024.zip,False,NIFTY_100;NIFTY_MIDCAP_100;NIFTY_SMALLCAP_100,
indices_dataMay2025.zip,False,NIFTY_100;NIFTY_MIDCAP_100;NIFTY_SMALLCAP_100,
indices_dataNov2021.zip,True,,NIFTY_100=NIFTY_100_Nov2021.pdf;NIFTY_MIDCAP_100=NIFTY_Midcap_100_Nov2021.pdf;NIFTY_SMALLCAP_100=NIFTY_Smallcap_100_Nov2021.pdf
indices_dataNov2022.zip,False,NIFTY_100;NIFTY_MIDCAP_100;NIFTY_SMALLCAP_100,
indices_dataNov2023.zip,False,NIFTY_100;NIFTY_MIDCAP_100;NIFTY_SMALLCAP_100,
indices_dataNov2024.zip,False,NIFTY_100;NIFTY_MIDCAP_100;NIFTY_SMALLCAP_100,
indices_dataNov2025.zip,False,NIFTY_100;NIFTY_MIDCAP_100;NIFTY_SMALLCAP_100,
indices_dataOct2021.zip,True,,NIFTY_100=NIFTY_100_Oct2021.pdf;NIFTY_MIDCAP_100=NIFTY_Midcap_100_Oct2021.pdf;NIFTY_SMALLCAP_100=NIFTY_Smallcap_100_Oct2021.pdf
indices_dataOct2022.zip,False,NIFTY_100;NIFTY_MIDCAP_100;NIFTY_SMALLCAP_100,
indices_dataOct2023.zip,False,NIFTY_100;NIFTY_MIDCAP_100;NIFTY_SMALLCAP_100,
indices_dataOct2024.zip,False,NIFTY_100;NIFTY_MIDCAP_100;NIFTY_SMALLCAP_100,
indices_dataOct2025.zip,False,NIFTY_100;NIFTY_MIDCAP_100;NIFTY_SMALLCAP_100,
indices_dataSep2021.zip,True,,NIFTY_100=NIFTY_100_Sep2021.pdf;NIFTY_MIDCAP_100=NIFTY_Midcap_100_Sep2021.pdf;NIFTY_SMALLCAP_100=NIFTY_Smallcap_100_Sep2021.pdf
indices_dataSep2022.zip,False,NIFTY_100;NIFTY_MIDCAP_100;NIFTY_SMALLCAP_100,
indices_dataSep2023.zip,False,NIFTY_100;NIFTY_MIDCAP_100;NIFTY_SMALLCAP_100,
indices_dataSep2024.zip,False,NIFTY_100;NIFTY_MIDCAP_100;NIFTY_SMALLCAP_100,
indices_dataSep2025.zip,False,NIFTY_100;NIFTY_MIDCAP_100;NIFTY_SMALLCAP_100,
